Workbook

Sheet MAT ME
A1: No. | B1: Name of Course | C1: Course Code | D1: Credit Value | E1: Remark | F1: 借MAT-G1 ME课，作为PHY-G2 ME课
A2: 1 | B2: Problem Solving Skills I | C2: MAT110 | D2: 2 | E2: MAT - Group1 | F2: =VLOOKUP(C2,'PHY ME'!C:F,3,0) -> #N/A
A3: 2 | B3: Abstract Algebra II | C3: MAT205 | D3: 4 | E3: MAT - Group1 | F3: =VLOOKUP(C3,'PHY ME'!C:F,3,0) -> #N/A
A4: 3 | B4: Advanced Linear Algebra | C4: MAT207 | D4: 4 | E4: MAT - Group1 | F4: =VLOOKUP(C4,'PHY ME'!C:F,3,0) -> #N/A
A5: 4 | B5: General Topology | C5: MAT208 | D5: 4 | E5: MAT - Group1 | F5: =VLOOKUP(C5,'PHY ME'!C:F,3,0) -> #N/A
A6: 5 | B6: Combinatorics | C6: MAT209 | D6: 4 | E6: MAT - Group1 | F6: =VLOOKUP(C6,'PHY ME'!C:F,3,0) -> #N/A
A7: 6 | B7: Undergraduate Research | C7: MAT212 | D7: 4 | E7: MAT - Group1 | F7: =VLOOKUP(C7,'PHY ME'!C:F,3,0) -> #N/A
A8: 7 | B8: Problem Solving Skills II | C8: MAT213 | D8: 2 | E8: MAT - Group1 | F8: =VLOOKUP(C8,'PHY ME'!C:F,3,0) -> #N/A
A9: 8 | B9: Data Analysis | C9: MAT214 | D9: 4 | E9: MAT - Group1 | F9: =VLOOKUP(C9,'PHY ME'!C:F,3,0) -> #N/A
A10: 9 | B10: Partial Differential Equations | C10: MAT301 | D10: 4 | E10: MAT - Group1 | F10: =VLOOKUP(C10,'PHY ME'!C:F,3,0) -> #N/A
A11: 10 | B11: Numerical Analysis | C11: MAT302 | D11: 4 | E11: MAT - Group1 | F11: =VLOOKUP(C11,'PHY ME'!C:F,3,0) -> #N/A
A12: 11 | B12: Differential Geometry of Curves and Surfaces | C12: MAT303 | D12: 4 | E12: MAT - Group1 | F12: =VLOOKUP(C12,'PHY ME'!C:F,3,0) -> PHY - Group 2
A13: 12 | B13: Real Analysis | C13: MAT304 | D13: 4 | E13: MAT - Group1 | F13: =VLOOKUP(C13,'PHY ME'!C:F,3,0) -> #N/A
... A65: 64 | B65: Principles of Finance | C65: SEM202 | D65: 4 | E65: MAT - Group2 | F65: =VLOOKUP(C65,'PHY ME'!C:F,3,0) -> PHY - Group 2

Sheet PHY ME
A1: No. | B1: Name of Course | C1: Course Code | D1: Credit Value | E1: Remark | F1: 借MAT-G1 ME课，作为PHY-G2 ME课
A2: 1 | B2: Astronomy | C2: PHY208 | D2: 4 | E2: PHY - Group 1 | F2: =VLOOKUP(C2,'MAT ME'!C:G,3,0) -> #N/A
A3: 2 | B3: Electronic Circuits | C3: PHY209 | D3: 4 | E3: PHY - Group 1 | F3: =VLOOKUP(C3,'MAT ME'!C:G,3,0) -> #N/A
A4: 3 | B4: Undergraduate Research I | C4: PHY210 | D4: 4 | E4: PHY - Group 1 | F4: =VLOOKUP(C4,'MAT ME'!C:G,3,0) -> #N/A
A5: 4 | B5: Electrodynamics II | C5: PHY305 | D5: 4 | E5: PHY - Group 1 | F5: =VLOOKUP(C5,'MAT ME'!C:G,3,0) -> MAT - Group2
A6: 5 | B6: Solid State Physics | C6: PHY306 | D6: 4 | E6: PHY - Group 1 | F6: =VLOOKUP(C6,'MAT ME'!C:G,3,0) -> MAT - Group2
A7: 6 | B7: Astrophysics | C7: PHY307 | D7: 4 | E7: PHY - Group 1 | F7: =VLOOKUP(C7,'MAT ME'!C:G,3,0) -> MAT - Group2
A8: 7 | B8: Atomic and Molecular Physics | C8: PHY308 | D8: 4 | E8: PHY - Group 1 | F8: =VLOOKUP(C8,'MAT ME'!C:G,3,0) -> #N/A
A9: 8 | B9: Photonics and Optoelectronics | C9: PHY309 | D9: 4 | E9: PHY - Group 1 | F9: =VLOOKUP(C9,'MAT ME'!C:G,3,0) -> #N/A
A10: 9 | B10: Quantum Mechanics II | C10: PHY310 | D10: 4 | E10: PHY - Group 1 | F10: =VLOOKUP(C10,'MAT ME'!C:G,3,0) -> MAT - Group2
A11: 10 | B11: Mathematical Methods in Physics II | C11: PHY311 | D11: 4 | E11: PHY - Group 1 | F11: =VLOOKUP(C11,'MAT ME'!C:G,3,0) -> #N/A
A12: 11 | B12: Quantum Information | C12: PHY312 | D12: 4 | E12: PHY - Group 1 | F12: =VLOOKUP(C12,'MAT ME'!C:G,3,0) -> #N/A
A13: 12 | B13: Cosmology | C13: PHY402 | D13: 4 | E13: PHY - Group 1 | F13: =VLOOKUP(C13,'MAT ME'!C:G,3,0) -> MAT - Group2
... A40: 39 | B40: Dynamical Systems | C40: MAT312 | D40: 4 | E40: PHY - Group 2 | F40: =VLOOKUP(C40,'MAT ME'!C:G,3,0) -> MAT - Group1
